text,label
Why was action A excluded from the plan?,1
What were the reasons for omitting action A from the plan?,1
Can you explain why action A was not considered in the plan?,1
Why didn't the plan include action A?,1
What is the rationale for not using action A in the plan?,1
Why is action A not included in the project roadmap?,1
What are the reasons for excluding action A from the plan?,1
Why was action A omitted from the strategy?,1
Why didn't we consider action A for the project plan?,1
Why was action A left out of the final plan?,1
I noticed that action A is not included in the plan. Can you explain why?,1
The plan seems to be missing action A. Is there a reason for this?,1
Is there a specific reason why we're not considering action A?,1
The data suggests action A might be helpful. Why isn't it part of the plan?,1
Why was action A included in the plan?,2
What are the reasons for using action A in the plan?,2
Can you explain why action A is part of the plan?,2
Why did the plan incorporate action A?,2
What is the rationale for including action A in the plan?,2
Why was action A chosen for the implementation?,2
What made action A a suitable choice for the plan?,2
Why did we decide to include action A in the strategy?,2
What are the benefits of using action A in the plan?,2
Why was action A prioritized in the project?,2
I'm curious why action A is included in the plan. Can you elaborate?,2
It looks like action A is being used in the plan. Can you explain the reasoning behind this?,2
Can you explain the benefits of using action A in the plan?,2
Why was action A chosen over action B?,3
What made action A more suitable than action B?,3
Can you explain why action A is preferred to action B?,3
Why did the plan opt for action A instead of action B?,3
What are the reasons for selecting action A rather than action B?,3
Why is action A applied in state S instead of action B?,3
What are the reasons for using action A over action B in state S?,3
Why does the plan favor action A in state S over action B?,3
What made action A a better choice than action B in state S?,3
Why was action A preferred in state S instead of action B?,3
"The plan uses action A, but wouldn't action B be a better choice? Why?",3
I see that action A is chosen over action B in the plan. Can you explain the decision?,3
What factors led to choosing action A over action B?,3
Is there a specific drawback to using action B instead of action A?,3
Why was 'push box to the left' excluded from the plan?,1
What were the reasons for omitting 'push box to the left' from the plan?,1
Can you explain why 'push box to the left' was not considered in the plan?,1
Why didn't the plan include 'push box to the left'?,1
What is the rationale for not using 'push box to the left' in the plan?,1
The player doesn't push any boxes. Shouldn't pushing a box (action A) be part of the plan to reach the goals?,1
"There are empty storage spaces, but the plan doesn't use action A (push box) to utilize them. Is there a reason for this?",1
Why isn't the action 'move right' part of the plan?,1
Why did the plan exclude the action 'move left'?,1
What was the reason for not incorporating 'move up' into the plan?,1
Why was 'move down' omitted from the plan?,1
Why doesn't the plan include 'push box to the right'?,1
What is the rationale for not using 'push box to the left' in the plan?,1
Why isn't 'push box up' considered in the plan?,1
Why did the plan leave out 'push box down'?,1
Why was 'move right' deemed unnecessary in the plan?,1
What was the reason for excluding 'move left' from the plan?,1
Why wasn't 'move up' a chosen action in the plan?,1
Why did the plan not make use of 'move down'?,1
Why isn't 'push right' part of the strategy in the plan?,1
Why wasn't 'push left' included in the planning process?,1
What led to 'push up' being left out of the plan?,1
Why was 'push down' not used in the plan?,1
Why was the action 'move right' not selected in the plan?,1
Why did the plan avoid using 'move left'?,1
What is the reason for not including 'move up' in the plan?,1
Why was 'move down' not taken into account in the plan?,1
Why isn't 'push right' a component of the plan?,1
Why was 'push left' not considered essential in the plan?,1
What justified not using 'push up' in the plan?,1
Why was 'push down' not part of the plan?,1
Why did the plan decide against using 'move right'?,1
What was the reasoning behind not using 'move left' in the plan?,1
Why was 'move up' not included in the final plan?,1
Why did the plan not utilize 'move down'?,1
Why isn't 'push right' included in the action steps of the plan?,1
Why was 'push left' omitted from the list of actions in the plan?,1
What is the rationale for leaving out 'push up' in the plan?,1
Why did the plan exclude the action 'push down'?,1
Why was 'move right' not part of the plan execution?,1
Why did the plan not involve 'move left'?,1
Why wasn't 'move up' included as an action in the plan?,1
Why did the plan omit 'move down' from its actions?,1
Why isn't 'push right' used in the plan?,1
What was the reason for excluding 'push left' from the strategy in the plan?,1
Why was 'push up' not considered in the plan's actions?,1
Why did the plan refrain from using 'push down'?,1
What's the reason for skipping 'move right' in the strategy?,1
Why was 'move left' excluded from the plan?,1
What led to the omission of 'move up' in the plan?,1
Why isn't 'move down' considered in this plan?,1
Why didn't the plan include 'push box right'?,1
What is the rationale behind leaving out 'push box left'?,1
Why wasn't 'push box up' incorporated into the plan?,1
Why does the plan omit 'push box down'?,1
What's the justification for not using 'move right'?,1
Why was 'move left' not part of the strategy?,1
Why isn't 'move up' a chosen action in this plan?,1
What caused 'move down' to be left out of the plan?,1
Why doesn't the plan feature 'push right'?,1
Why was 'push left' not included in the plan?,1
What is the reasoning for not using 'push up'?,1
Why isn't 'push down' part of the plan?,1
Why did we decide against 'move right' in the plan?,1
Why was 'move left' excluded from consideration?,1
Why wasn't 'move up' deemed necessary in this plan?,1
What prompted the omission of 'move down' from the plan?,1
Why isn't 'push right' used in the plan?,1
What led to 'push left' being left out of the plan?,1
Why was 'push up' not selected in the plan?,1
Why does the plan avoid using 'push down'?,1
What's the reason for not incorporating 'move right' into the plan?,1
Why was 'move left' not included in the planning process?,1
Why didn't we use 'move up' in the plan?,1
What led to the exclusion of 'move down' from the plan?,1
Why wasn't 'push right' a part of the plan?,1
Why did we skip 'push left' in the strategy?,1
Why isn't 'push up' one of the actions in the plan?,1
What justified not using 'push down' in the plan?,1
Why did the plan omit 'move right'?,1
What caused 'move left' to be excluded from the plan?,1
Why didn't the plan utilize 'move up'?,1
Why was 'move down' not considered in this strategy?,1
What's the reason for leaving out 'push right' in the plan?,1
Why wasn't 'push left' chosen in the plan?,1
Why isn't 'push up' part of our actions?,1
Why did the plan leave out 'push down'?,1
Why was 'push box to the left' included in the plan?,2
What are the reasons for using 'push box to the left' in the plan?,2
Can you explain why 'push box to the left' is part of the plan?,2
Why did the plan incorporate 'push box to the left'?,2
What is the rationale for including 'push box to the left' in the plan?,2
The plan involves the player pushing a box (action A) even though there are no empty storage spaces nearby. Can you explain the purpose?,2
The solution seems to have the player moving a box diagonally (action A). Isn't this inefficient? Why is it used?,2
What is the reason for using 'move right' in the plan?,2
Why is the action 'move left' included in the plan?,2
What is the rationale for incorporating 'move up' into the plan?,2
Why is 'move down' part of the plan?,2
Why does the plan use 'push box to the right'?,2
What is the justification for using 'push box to the left' in the plan?,2
Why is 'push box up' considered in the plan?,2
What is the reason for including 'push box down' in the plan?,2
Why was 'move right' selected for the plan?,2
What is the rationale behind choosing 'move left' in the plan?,2
Why was 'move up' chosen as part of the plan?,2
What led to the inclusion of 'move down' in the plan?,2
Why is 'push right' included in the plan's strategy?,2
What justified the use of 'push left' in the plan?,2
Why is 'push up' part of the planned actions?,2
What is the reason for using 'push down' in the plan?,2
Why did the plan include 'move right'?,2
What was the reasoning for adding 'move left' to the plan?,2
Why was 'move up' integrated into the plan?,2
What was the motive for including 'move down' in the plan?,2
Why did the plan adopt 'push right'?,2
What is the basis for using 'push left' in the plan?,2
Why is 'push up' utilized in the plan?,2
What was the reason for the plan's inclusion of 'push down'?,2
Why was 'move right' an action in the plan?,2
What made 'move left' necessary for the plan?,2
Why did the plan implement 'move up'?,2
What was the justification for 'move down' in the plan?,2
Why was 'push right' chosen in the planning process?,2
What is the reason for 'push left' being part of the plan?,2
Why is 'push up' one of the actions in the plan?,2
What was the rationale for 'push down' in the plan?,2
Why did the plan use 'move right'?,2
What was the thinking behind 'move left' in the plan?,2
Why was 'move up' deemed necessary in the plan?,2
What was the logic for incorporating 'move down' into the plan?,2
Why did the plan feature 'push right'?,2
What led to the inclusion of 'push left' in the plan?,2
Why is 'push up' a component of the plan?,2
What is the reason for 'push down' being used in the plan?,2
Why was 'move right' deemed necessary in the current strategy?,2
What made the plan opt for 'move left' instead of another action?,2
Why is 'move up' included in the steps of the plan?,2
What factors led to 'move down' being used in the plan?,2
Why did the plan decide on 'push box right'?,2
What is the purpose of having 'push box left' in the plan?,2
What justified the inclusion of 'push box up' in the plan?,2
Why does the plan incorporate 'push box down'?,2
Why was 'move right' a chosen action in the plan?,2
What prompted the use of 'move left' in the plan?,2
Why is 'move up' part of the planned sequence?,2
What was the reasoning for 'move down' being selected?,2
Why is 'push right' an action in the current plan?,2
What led to the decision to include 'push left' in the plan?,2
Why was 'push up' selected in the plan?,2
Why does the plan feature 'push down'?,2
What motivated the use of 'move right' in this strategy?,2
Why did the plan favor 'move left'?,2
What is the reason for 'move up' being used?,2
Why is 'move down' part of the strategy?,2
What made 'push right' necessary in the plan?,2
Why is 'push left' part of the plan's actions?,2
Why was 'push up' incorporated into the plan?,2
What led to the inclusion of 'push down' in the plan?,2
Why is 'move right' included in the current plan?,2
What factors influenced the use of 'move left'?,2
Why did we choose 'move up' in the plan?,2
What is the justification for 'move down' being used?,2
Why was 'push right' added to the plan?,2
What led to the decision to use 'push left'?,2
Why is 'push up' one of the actions in the plan?,2
What was the reasoning behind 'push down' being used?,2
Why does the plan involve 'move right'?,2
Why did we decide to use 'move left'?,2
What prompted the inclusion of 'move up' in the plan?,2
Why is 'move down' part of our strategy?,2
Why did the plan incorporate 'push right'?,2
What is the purpose of using 'push left' in the plan?,2
Why was 'push up' deemed necessary?,2
What justified 'push down' being part of the plan?,2
Why was 'push box to the left' chosen over 'move to the right'?,3
What made 'push box to the left' more suitable than 'move to the right'?,3
Can you explain why 'push box to the left' is preferred to 'move to the right'?,3
Why did the plan opt for 'push box to the left' instead of 'move to the right'?,3
What are the reasons for selecting 'push box to the left' rather than 'move to the right'?,3
The plan has the player pushing a box to the left (action A). Wouldn't pushing it upwards (action B) be a shorter path?,3
The solution uses action A (pull box) to get to the goal. But wouldn't pushing the box (action B) be a more strategic move to avoid getting stuck?,3
Why is 'move right' used rather than 'move left' in the plan?,3
Why is 'move right' chosen instead of 'move up' in the plan?,3
Why is 'move right' preferred over 'move down' in the plan?,3
Why is 'move right' selected instead of 'push right' in the plan?,3
Why is 'move right' used rather than 'push left' in the plan?,3
Why is 'move right' chosen instead of 'push up' in the plan?,3
Why is 'move right' preferred over 'push down' in the plan?,3
Why is 'move left' used rather than 'move right' in the plan?,3
Why is 'move left' chosen instead of 'move up' in the plan?,3
Why is 'move left' preferred over 'move down' in the plan?,3
Why is 'move left' selected instead of 'push right' in the plan?,3
Why is 'move left' used rather than 'push left' in the plan?,3
Why is 'move left' chosen instead of 'push up' in the plan?,3
Why is 'move left' preferred over 'push down' in the plan?,3
Why is 'move up' used rather than 'move right' in the plan?,3
Why is 'move up' chosen instead of 'move left' in the plan?,3
Why is 'move up' preferred over 'move down' in the plan?,3
Why is 'move up' selected instead of 'push right' in the plan?,3
Why is 'move up' used rather than 'push left' in the plan?,3
Why is 'move up' chosen instead of 'push up' in the plan?,3
Why is 'move up' preferred over 'push down' in the plan?,3
Why is 'move down' used rather than 'move right' in the plan?,3
Why is 'move down' chosen instead of 'move left' in the plan?,3
Why is 'move down' preferred over 'move up' in the plan?,3
Why is 'move down' selected instead of 'push right' in the plan?,3
Why is 'move down' used rather than 'push left' in the plan?,3
Why is 'move down' chosen instead of 'push up' in the plan?,3
Why is 'move down' preferred over 'push down' in the plan?,3
Why is 'push right' used rather than 'move right' in the plan?,3
Why is 'push right' chosen instead of 'move left' in the plan?,3
Why is 'push right' preferred over 'move up' in the plan?,3
Why is 'push right' selected instead of 'move down' in the plan?,3
Why is 'push right' used rather than 'push left' in the plan?,3
Why is 'push right' chosen instead of 'push up' in the plan?,3
Why is 'push right' preferred over 'push down' in the plan?,3
Why is 'push left' used rather than 'move right' in the plan?,3
Why is 'push left' chosen instead of 'move left' in the plan?,3
Why is 'push left' preferred over 'move up' in the plan?,3
Why is 'push left' selected instead of 'move down' in the plan?,3
Why is 'push left' used rather than 'push right' in the plan?,3
Why do we prefer 'push box to the left' over 'pushing the box right' in the plan?,3
What's the reason for 'moving right' rather than 'pushing the box down'?,3
Why choose 'moving left' instead of 'moving down' in the Sokoban plan?,3
Why 'pushing up' is selected over 'moving up' in the strategy?,3
What's the reasoning for 'pushing right' rather than 'moving left' in the current plan?,3
Why did we decide on 'push the box up' and not 'moving down'?,3
What's the justification for 'push the box right' instead of 'moving left'?,3
Why 'moving up' is favored over 'pushing the box left' in this plan?,3
Why is 'move box to the right' preferred over 'push the box down'?,3
Why opt for 'moving the box left' instead of 'pushing up' in the plan?,3
Why does the plan include 'pushing right' rather than 'moving down'?,3
Why 'push the box down' instead of 'moving left'?,3
Why was 'moving right' chosen over 'pushing up' in the plan?,3
What's the rationale behind 'moving up' and not 'pushing left'?,3
Why select 'moving down' rather than 'push the box right' in the strategy?,3
Why 'pushing left' instead of 'moving up'?,3
Why is 'push the box up' preferred over 'moving right'?,3
What's the reason for 'moving left' rather than 'push the box down'?,3
Why use 'pushing right' over 'moving left' in the plan?,3
Why 'push the box down' and not 'move the box up' in this scenario?,3
Why did we include 'pushing left' rather than 'moving down'?,3
Why choose 'move box up' instead of 'push the box right'?,3
What's the reason for 'pushing up' over 'moving right' in the plan?,3
Why 'pushing the box right' instead of 'move the box down'?,3
Why was 'moving right' chosen instead of 'pushing the box left'?,3
Why is 'moving up' used rather than 'pushing down'?,3
Why 'moving left' rather than 'pushing the box up'?,3
What's the rationale behind 'pushing the box right' instead of 'move the box left'?,3
Why 'pushing up' instead of 'moving down' in the plan?,3
Why choose 'pushing down' rather than 'moving right'?,3
Why 'moving right' rather than 'pushing the box up' in the plan?,3
Why select 'pushing left' over 'moving up'?,3
What's the reasoning for 'move the box down' instead of 'pushing the box right'?,3
Why 'moving left' instead of 'pushing the box up' in this strategy?,3
Why prefer 'pushing right' over 'moving the box down'?,3
Why opt for 'push the box down' rather than 'moving up' in the plan?,3
Why 'moving up' instead of 'pushing the box left'?,3
Why is 'pushing left' chosen rather than 'moving down'?,3
Why was 'push the box right' favored over 'moving left'?,3
